{
  "SVM": {
    "overall": 0.9204790780697459,
    "Medical": 0.7896473092125266,
    "MuSiQue": 0.9251871564768553,
    "QuALITY": 0.9592432950191571,
    "Legal": 0.9388572222712522,
    "train_time_s": 3.67
  },
  "LogReg": {
    "overall": 0.9076812369005219,
    "Medical": 0.7679668231226984,
    "MuSiQue": 0.9006122883380683,
    "QuALITY": 0.9360720759525476,
    "Legal": 0.9438776704622373,
    "train_time_s": 0.85
  },
  "RF": {
    "overall": 0.908757409655289,
    "Medical": 0.8082887700534759,
    "MuSiQue": 0.8918946881211033,
    "QuALITY": 0.9365232112625858,
    "Legal": 0.9199056199056198,
    "train_time_s": 7.98
  },
  "GBM": {
    "overall": 0.882253946009501,
    "Medical": 0.7684388062780214,
    "MuSiQue": 0.8480137025047547,
    "QuALITY": 0.9402573984887573,
    "Legal": 0.896684440262422,
    "train_time_s": 50.35
  },
  "kNN": {
    "overall": 0.8657023955192004,
    "Medical": 0.6157399362408612,
    "MuSiQue": 0.8866890863007107,
    "QuALITY": 0.8830559112249253,
    "Legal": 0.919047619047619,
    "train_time_s": 0.0
  }
}